Query_ID	Target_ID	Optimal_offset	p-value	E-value	q-value	Overlap	Query_consensus	Target_consensus	Orientation
RGGAAR	ETS2_HUMAN.H11MO.0.B	3	2.06802e-06	0.00159445	0.00311039	6	AGGAAG	GGAAGGAAGAGGA	+
RGGAAR	ETV7_HUMAN.H11MO.0.D	1	2.47655e-05	0.0190942	0.0186241	6	AGGAAG	CAGGAAG	+
RGGAAR	NFAT5_HUMAN.H11MO.0.D	2	7.42946e-05	0.0572811	0.033522	6	AGGAAG	AGAGGAAAAGG	+
RGGAAR	ETV6_HUMAN.H11MO.0.D	2	9.93797e-05	0.0766218	0.033522	6	AGGAAG	ACAGGAAGT	+
RGGAAR	ETV5_HUMAN.H11MO.0.C	4	0.00011144	0.0859201	0.033522	6	AGGAAG	GAGCAGGAAGTGAG	+
RGGAAR	ETV4_HUMAN.H11MO.0.B	3	0.000149066	0.11493	0.0373668	6	AGGAAG	AACAGGAAGGG	+
RGGAAR	BC11A_HUMAN.H11MO.0.A	5	0.000212508	0.163844	0.0420361	6	AGGAAG	AAAAGAGGAAGTGAAAA	+
RGGAAR	ELF3_HUMAN.H11MO.0.A	5	0.00022359	0.172388	0.0420361	6	AGGAAG	GAACCAGGAAGTGG	+
RGGAAR	ETV2_HUMAN.H11MO.0.B	6	0.00027327	0.210691	0.0456677	6	AGGAAG	GGAAACAGGAAGTGGG	+
RGGAAR	ERG_HUMAN.H11MO.0.A	4	0.000457581	0.352795	0.0625655	6	AGGAAG	GGGCAGGAAGTGG	+
RGGAAR	FLI1_HUMAN.H11MO.1.A	4	0.000457581	0.352795	0.0625655	6	AGGAAG	AGGCAGGAAGTGG	+
RGGAAR	STAT4_HUMAN.H11MO.0.A	5	0.000532856	0.410832	0.0667864	6	AGGAAG	CTTCCAGGAAA	-
RGGAAR	SPI1_HUMAN.H11MO.0.A	6	0.000862391	0.664903	0.0926479	6	AGGAAG	AAAAAGAGGAAGTGAAA	+
RGGAAR	SPIB_HUMAN.H11MO.0.A	6	0.000862391	0.664903	0.0926479	6	AGGAAG	AAAAAGAGGAAGTGAAA	+
RGGAAR	FLI1_HUMAN.H11MO.0.A	6	0.000934223	0.720286	0.093674	6	AGGAAG	GGAGGAAGGAAGGAGGGA	+
RGGAAR	EHF_HUMAN.H11MO.0.B	5	0.00108436	0.836041	0.0987142	6	AGGAAG	GAACCAGGAAGTGGC	+
RGGAAR	STA5A_HUMAN.H11MO.0.A	4	0.00111576	0.860247	0.0987142	6	AGGAAG	TTCTAGGAAA	+
ATGABTCA	JUN_HUMAN.H11MO.0.A	1	1.71924e-05	0.0132553	0.0116005	8	ATGAGTCA	GATGAGTCATC	+
ATGABTCA	FOSL2_HUMAN.H11MO.0.A	2	3.83202e-05	0.0295449	0.0116005	8	ATGAGTCA	GGATGAGTCATC	+
ATGABTCA	FOSB_HUMAN.H11MO.0.A	0	4.08238e-05	0.0314751	0.0116005	8	ATGAGTCA	ATGAGTCAT	+
ATGABTCA	BATF_HUMAN.H11MO.0.A	0	4.72784e-05	0.0364516	0.0116005	8	ATGAGTCA	ATGAGTCATATCGAAAGT	-
ATGABTCA	NF2L2_HUMAN.H11MO.0.A	0	6.38078e-05	0.0491958	0.0116005	8	ATGAGTCA	ATGACTCAGCAGTT	-
ATGABTCA	FOS_HUMAN.H11MO.0.A	0	7.52429e-05	0.0580123	0.0116005	8	ATGAGTCA	GTGAGTCAC	+
ATGABTCA	FOSL1_HUMAN.H11MO.0.A	2	7.56911e-05	0.0583579	0.0116005	8	ATGAGTCA	GGATGAGTCACC	+
ATGABTCA	BACH2_HUMAN.H11MO.0.A	0	8.16459e-05	0.062949	0.0116005	8	ATGAGTCA	ATGACTCAGCA	-
ATGABTCA	NFE2_HUMAN.H11MO.0.A	2	9.08287e-05	0.0700289	0.0116005	8	ATGAGTCA	GCATGACTCAGCA	+
ATGABTCA	BATF_HUMAN.H11MO.1.A	1	9.35783e-05	0.0721488	0.0116005	8	ATGAGTCA	GATGACTCAAT	+
ATGABTCA	JUND_HUMAN.H11MO.0.A	1	9.35783e-05	0.0721488	0.0116005	8	ATGAGTCA	GATGAGTCATC	+
ATGABTCA	BACH1_HUMAN.H11MO.0.A	2	0.000202257	0.15594	0.0178943	8	ATGAGTCA	GCATGACTCAGCA	-
ATGABTCA	JUNB_HUMAN.H11MO.0.A	1	0.000315694	0.2434	0.0237408	8	ATGAGTCA	TCTGAGTCACC	+
ATGABTCA	MAFB_HUMAN.H11MO.0.B	0	0.000653331	0.503718	0.0427233	8	ATGAGTCA	CTGAGTCAGCA	-
ATGABTCA	MAFK_HUMAN.H11MO.0.A	2	0.000733258	0.565342	0.0459521	8	ATGAGTCA	TGCTGACTCAGCAATTTT	-
ATGABTCA	MAFK_HUMAN.H11MO.1.A	2	0.00115283	0.888831	0.061925	8	ATGAGTCA	TGCTGAGTCAGCA	+
ACGTS	CR3L1_HUMAN.H11MO.0.D	4	2.66114e-05	0.0205174	0.0203425	5	ACGTG	TGCCACGTGGC	-
ACGTS	CREB3_HUMAN.H11MO.0.D	5	9.26091e-05	0.0714016	0.0203425	5	ACGTG	TGGTGACGTGGCA	+
ACGTS	TFEB_HUMAN.H11MO.0.C	4	0.000118471	0.0913408	0.0203425	5	ACGTG	GGTCACGTG	+
ACGTS	BHE40_HUMAN.H11MO.0.A	3	0.000142163	0.109608	0.0203425	5	ACGTG	GGCACGTGAC	+
ACGTS	MLX_HUMAN.H11MO.0.D	5	0.000165855	0.127874	0.0203425	5	ACGTG	TGATCACGTGC	+
ACGTS	ATF6A_HUMAN.H11MO.0.B	6	0.000189546	0.14614	0.0203425	5	ACGTG	GTGGTGACGTGG	+
ACGTS	HES5_HUMAN.H11MO.0.D	4	0.000189546	0.14614	0.0203425	5	ACGTG	TGGCACGTGCCG	+
ACGTS	HES7_HUMAN.H11MO.0.D	4	0.000189546	0.14614	0.0203425	5	ACGTG	TGGCACGTGCCG	+
ACGTS	HEY1_HUMAN.H11MO.0.D	4	0.000189546	0.14614	0.0203425	5	ACGTG	CGACACGTGCCA	-
ACGTS	CR3L2_HUMAN.H11MO.0.D	5	0.000213237	0.164406	0.0213594	5	ACGTG	TGATGACGTGGCA	+
ACGTS	EPAS1_HUMAN.H11MO.0.B	2	0.000249926	0.192693	0.0234698	5	ACGTG	GTACGTGCC	+
ACGTS	TFE3_HUMAN.H11MO.0.B	2	0.000299903	0.231226	0.0261209	5	ACGTG	TCACGTGACC	-
ACGTS	MXI1_HUMAN.H11MO.1.A	3	0.000349879	0.269756	0.0261209	5	ACGTG	CCCACGTGCTC	+
ACGTS	HIF1A_HUMAN.H11MO.0.C	2	0.000358424	0.276345	0.0261209	5	ACGTG	GGACGTGC	+
ACGTS	USF1_HUMAN.H11MO.0.A	4	0.000399851	0.308285	0.0261209	5	ACGTG	GGTCACGTGACC	+
ACGTS	MAX_HUMAN.H11MO.0.A	4	0.000537588	0.414481	0.0310667	5	ACGTG	GAGCACGTGG	+
ACGTS	XBP1_HUMAN.H11MO.0.D	4	0.000627158	0.483539	0.0349005	5	ACGTG	GCTGACGTGGC	+
ACGTS	ARNT_HUMAN.H11MO.0.B	2	0.000685217	0.528302	0.0367695	5	ACGTG	GTACGTGCC	+
ACGTS	USF2_HUMAN.H11MO.0.A	5	0.00074959	0.577934	0.0375423	5	ACGTG	GGGTCACGTGGCCGCGGCG	+
ACGTS	BMAL1_HUMAN.H11MO.0.A	3	0.000959172	0.739522	0.044864	5	ACGTG	GCCACGTGACT	+
ACGTS	MXI1_HUMAN.H11MO.0.A	9	0.000985358	0.759711	0.044864	5	ACGTG	CCCGCCGCCACGTGC	-
ACGTS	MYCN_HUMAN.H11MO.0.A	4	0.00109612	0.84511	0.0457583	5	ACGTG	GGCCACGTGGGC	+
ACGTS	MITF_HUMAN.H11MO.0.A	2	0.00112682	0.868777	0.0457583	5	ACGTG	TCACGTGACC	+
GCTGGAR	ZBTB6_HUMAN.H11MO.0.C	3	0.000263989	0.203535	0.40707	7	GCTGGAG	GGTGCTGGAGCCG	+
AGRAA	ZN274_HUMAN.H11MO.0.A	10	0.0012898	0.994436	1	5	AGAAA	CATACTGGAGAGAAACCCTA	+

# Tomtom (Motif Comparison Tool): Version 5.0.1 compiled on Aug  7 2018 at 21:56:33
# The format of this file is described at http://meme-suite.org/doc/tomtom-output-format.html.
# /software/meme/5.0.1/bin/tomtom -verbosity 1 -oc meme.pc1.soft.stiff.highest.2.5.padded.fa/dreme_tomtom_out -min-overlap 5 -dist pearson -evalue -thresh 1 -no-ssc meme.pc1.soft.stiff.highest.2.5.padded.fa/dreme_out/dreme.xml /mnt/data/motif_databases/HUMAN/HOCOMOCOv11_full_HUMAN_mono_meme_format.meme
