db_index	motif_id	motif_alt_id	consensus	E-value	adj_p-value	log_adj_p-value	bin_location	bin_width	total_width	sites_in_bin	total_sites	p_success	p-value	mult_tests
   1	ATGABTCA	DREME-2	ATGABTCA	1.9e-2	   2.5e-5	         -10.59	         0.0	    199.0	        293	         120	        138	  0.67918	1.7e-7	       146
   2	CTCF_HUMAN.H11MO.0.A		YGGCCACCAGRKGGCRSYV	1.5e-1	   2.0e-4	          -8.54	         0.0	     64.0	        282	         156	        485	  0.22695	1.4e-6	       140
   2	BATF_HUMAN.H11MO.1.A		DATGAYKCAAH	2.0e-1	   2.6e-4	          -8.24	         0.0	     80.0	        290	         348	       1015	  0.27586	1.8e-6	       144
   2	CTCFL_HUMAN.H11MO.0.A		GCCDSYAGGGGGCGCYV	3.2e-1	   4.1e-4	          -7.80	         0.0	     36.0	        284	         120	        627	  0.12676	2.9e-6	       141
   2	MYC_HUMAN.H11MO.0.A		RCCACGTGCTB	8.3e-1	   1.1e-3	          -6.85	         0.0	    112.0	        290	         391	        850	  0.38621	7.4e-6	       144
   2	MYOD1_HUMAN.H11MO.0.A		VCAGCTGYYBCYGBC	2.9e0	   3.8e-3	          -5.58	         0.0	      2.0	        286	          19	        891	  0.00699	2.7e-5	       142
   2	RXRA_HUMAN.H11MO.1.A		SARAGGTCAS	3.3e0	   4.3e-3	          -5.46	         0.0	     79.0	        291	         449	       1402	  0.27148	2.9e-5	       145
   2	MAFG_HUMAN.H11MO.0.A		RWWWNTGCTGASTCAGCA	3.5e0	   4.4e-3	          -5.42	         0.0	    195.0	        283	         133	        160	  0.68905	3.2e-5	       141
   2	MYBA_HUMAN.H11MO.0.D		VGYGGCVGTTRSVGV	3.6e0	   4.6e-3	          -5.37	         0.0	     66.0	        286	         202	        678	  0.23077	3.3e-5	       142
   2	ZIC3_HUMAN.H11MO.0.B		GGCYHCCTGCTGWGH	5.1e0	   6.6e-3	          -5.02	         0.0	    136.0	        286	         556	       1035	  0.47552	4.7e-5	       142
   2	ETV1_HUMAN.H11MO.0.A		SRCCGGAAGYG	5.3e0	   6.8e-3	          -5.00	         0.0	    160.0	        290	         575	        934	  0.55172	4.7e-5	       144
   2	FOSL1_HUMAN.H11MO.0.A		KRVTGAGTCAYH	6.1e0	   7.8e-3	          -4.85	         0.0	    209.0	        289	         454	        571	  0.72318	5.4e-5	       144
   2	ZIC2_HUMAN.H11MO.0.D		KRMYHCCTGCTGWGH	6.8e0	   8.7e-3	          -4.74	         0.0	    134.0	        286	         704	       1350	  0.46853	6.2e-5	       142
   2	FOSL2_HUMAN.H11MO.0.A		NDRTGAGTCAYH	7.1e0	   9.1e-3	          -4.70	         0.0	     79.0	        289	         217	        631	  0.27336	6.4e-5	       144
   2	GCM1_HUMAN.H11MO.0.D		HWVATGCKGGYMBK	8.7e0	   1.1e-2	          -4.49	         0.0	     75.0	        287	         258	        800	  0.26132	7.9e-5	       143

# CentriMo (Local Motif Enrichment Analysis): Version 5.0.1 compiled on Aug  7 2018 at 21:56:17
# The format of this file is described at http://meme-suite.org/doc/centrimo-output-format.html.
# centrimo -seqlen 300 -verbosity 1 -oc meme.pc1.soft.stiff.highest.2.5.padded.fa/centrimo_out -bfile meme.pc1.soft.stiff.highest.2.5.padded.fa/background meme.pc1.soft.stiff.highest.2.5.padded.fa/pc1.soft.stiff.highest.2.5.padded.fa meme.pc1.soft.stiff.highest.2.5.padded.fa/dreme_out/dreme.xml /mnt/data/motif_databases/HUMAN/HOCOMOCOv11_full_HUMAN_mono_meme_format.meme
